344.924,2362.37,140.473,115,
453.094,1636.42,115,115.795,
498.378,2714.41,115,127.43,
641.436,1027.42,136.569,146.555,
726.058,3528.56,115,185.932,
743.088,1553.44,115,190.307,
691.6,1389.63,115,177.078,
708.391,1363.13,115,181.392,
394.8,2060.37,117.405,115,
458.67,2110.79,115,117.228,
373.068,2228.29,127.456,115,
715.009,813.801,156.983,133.802,
559.504,970.941,152.272,122.025,
524.622,1004.33,148.611,117.813,
731.607,1506.21,115,187.357,
751.9,1557.83,115,192.571,
748.616,1534.32,115,191.728,
520.318,1978.77,115,133.068,
742.481,1511.46,115,190.151,
370.326,3385.01,128.724,115,
744.294,1416.38,115,190.617,
734.246,1416.53,115,188.035,
730.19,1490.92,115,186.993,
726.211,809.182,155.742,135.195,
455.087,1626.29,115,116.307,
391.374,2635.63,118.989,115,
621.616,973.976,146.321,135.719,
312.842,1714.48,155.311,115,
563.492,968.874,152.301,122.662,
615.383,964.694,148.36,133.29,
515.407,2645.75,115,131.806,
578.475,2227.96,115,148.011,
464.606,2196.66,115,118.753,
679.046,1395.77,115,173.852,
474.235,2618.3,115,121.227,
333.903,2145.6,145.57,115,
493.475,2422.14,115,126.171,
705.887,2691.84,115,180.749,
378.855,2483.34,124.779,115,
732.401,1503.91,115,187.561,
632.39,994.704,142.191,140.544,
494.896,1847.28,115,126.536,
737.472,1813.92,115,188.864,
746.604,1519.24,115,191.211,
359.661,2414.79,133.657,115,
711.021,1692.72,115,182.068,
526.987,1016.48,145.997,119.538,
418.982,2816.58,115,115,
397.534,2070.33,116.141,115,
2083.34,1454.16,115,300,
720.624,1614.31,115,184.535,
702.578,1461.71,115,179.899,
375.712,3613.87,126.233,115,
604.209,948.875,152.004,129.091,
731.572,1536.19,115,187.348,
375.543,2031.05,126.311,115,
475.115,2322.44,115,121.453,
731.7,2807.89,115,187.381,
743.174,1408.28,115,190.329,
376.125,2245.94,126.042,115,
517.144,2712.25,115,132.252,
645.473,1020.51,137.341,146.613,
313.737,1648.99,154.897,115,
725.318,2334.6,115,185.741,
360.027,3464.77,133.487,115,
727.765,1671.33,115,186.37,
718.974,2975.83,115,184.111,
404.836,2600.03,115,115,
748.055,1435.88,115,191.584,
610.024,973.665,147.377,133.187,
418.622,2921.17,115,115,
743.824,1421.75,115,190.497,
730.918,2919.17,115,187.18,
741.008,1757.65,115,189.773,
534.167,849.093,178.437,104.444,
337.975,2296.01,143.687,115,
365.809,2511.8,130.813,115,
395.734,2674.32,116.973,115,
764.754,1555.75,115,195.874,
742.406,1508.97,115,190.132,
662.326,784.479,169.327,120.544,
445.271,2793.57,115,115,
356.991,1955.02,134.892,115,
739.306,2528.89,115,189.336,
674.583,1031.07,133.977,154.542,
742.867,1394.1,115,190.251,
375.702,2069.35,126.238,115,
531.379,2028.05,115,135.91,
754.823,953.706,136.8,161.431,
734.496,2546.32,115,188.1,
643.206,1979.54,115,164.643,
666.813,1141.26,119.04,166.985,
470.098,1720.28,115,120.164,
382.556,2494.8,123.068,115,
725.843,3350.22,115,185.876,
728.893,3839.78,115,186.66,
669.338,789.627,167.438,122.429,
440.579,2279.8,115,115,
496.049,1012.46,148.965,112.227,
336.373,1854.34,144.427,115,
510.837,1024.23,145.484,116.654,
736.013,816.902,153.357,138.056,
852.895,1534.83,115,218.522,
687.167,792.684,164.063,125.979,
738.479,2688.95,115,189.123,
524.365,990.982,151.325,116.446,
765.555,1541.44,115,196.08,
516.098,2705.05,115,131.984,
326.385,1692.47,149.047,115,
684.096,1296.18,115,175.15,
739.701,1903.65,115,189.437,
571.739,2183.33,115,146.28,
548.965,985.326,150.455,121.247,
718.368,1642.26,115,183.956,
752.746,1910.49,115,192.789,
748.597,1580.38,115,191.723,
732.617,1500.97,115,187.617,
325.12,2166,149.632,115,
450.444,1656.94,115,115.114,
524.019,994.944,150.552,116.759,
364.559,2001.11,131.391,115,
368.281,2524.23,129.67,115,
429.089,3045.29,115,115,
547.486,973.956,152.753,119.755,
722.247,2477.88,115,184.952,
740.949,1431.03,115,189.758,
729.721,1682.22,115,186.873,
723.896,2405.87,115,185.376,
694.841,1540.16,115,177.91,
744.493,1557.18,115,190.668,
347.842,1892.98,139.123,115,
447.667,2995.73,115,115,
523.385,2780.51,115,133.856,
528.51,994.944,150.204,117.746,
381.171,2591.67,123.708,115,
385.524,2621.68,121.695,115,
521.695,1992.06,115,133.422,
494.153,2369.88,115,126.345,
440.832,1489.26,115,115,
415.021,2958.77,115,115,
506.919,943.468,162.643,108.148,
738.425,1587.68,115,189.109,
700.158,1375.46,115,179.277,
693.934,1290.1,115,177.677,
567.885,961.722,153.214,122.837,
723.628,3904.22,115,185.307,
496.206,1044.69,142.036,115.239,
361.429,2486.04,132.839,115,
625.445,773.425,177.295,112.766,
585.858,1446.55,115,149.908,
521.474,2023.66,115,133.365,
494.73,1571.26,115,126.493,
692.458,1294.39,115,177.298,
355.096,2393.64,135.768,115,
423.062,2696.86,115,115,
732.469,2072.18,115,187.579,
478.324,2743.36,115,122.278,
719.131,1835.15,115,184.152,
362.754,3681.85,132.226,115,
741.342,1841.54,115,189.859,
421.032,2827.59,115,115,
328.919,2184.45,147.875,115,
635.983,1054.35,132.789,148.606,
709.193,1744.94,115,181.598,
721.79,2979.46,115,184.835,
563.095,785.244,186.01,103.202,
654.934,1694.14,115,167.657,
749.393,1897.41,115,191.927,
578.295,2385.19,115,147.965,
765.169,1560.94,115,195.981,
752.016,873.548,145.169,149.178,
546.167,985.453,150.659,120.651,
696.46,1493.51,115,178.327,
703.236,1823.57,115,180.068,
318.815,1783.75,152.548,115,
433.248,2933.89,115,115,
440.785,1578.25,115,115,
489.816,2690.14,115,125.23,
701.245,1861.88,115,179.556,
317.301,1687.8,153.248,115,
385.366,3541.1,121.768,115,
734.431,2768.5,115,188.083,
689.772,1305.5,115,176.608,
750.747,1543.24,115,192.275,
741.964,1460.06,115,190.018,
311.289,1730.33,156.029,115,
727.19,3889.25,115,186.222,
452.751,2510.26,115,115.707,
704.097,1258.07,115,180.289,
476.858,1104.33,129.76,116.064,
770.035,914.82,138.973,158.83,
724.255,1832.27,115,185.468,
522.45,2610.29,115,133.616,
720.27,1911.81,115,184.444,
439.566,3017.24,115,115,
433.384,2726.51,115,115,
605.614,941.618,153.068,128.552,
521.772,2005.22,115,133.441,
740.96,1636.67,115,189.761,
489.816,2702.42,115,125.23,
586.782,2320.9,115,150.145,
485.797,1049.48,141.563,113.275,
638.2,996.716,141.435,142.067,
738.279,3796.07,115,189.072,
729.905,1560.28,115,186.92,
723.292,2439.21,115,185.221,
725.155,1256.97,115,185.699,
558.666,975.033,151.582,122.276,
321.611,1813.07,151.255,115,
743.063,1397.26,115,190.301,
438.601,1551.72,115,115,
730.255,4031.47,115,187.01,
514.221,1974.16,115,131.501,
711.761,1667.72,115,182.258,
563.492,970.608,151.982,122.846,
457.471,2098.28,115,116.92,
577.543,2287.86,115,147.771,
509.003,880.066,175.588,102.6,
752.362,1915.4,115,192.69,
718.461,1893.86,115,183.98,
679.891,1314.63,115,174.069,
643.729,803.9,169.618,119.644,
679.158,1259.1,115,173.881,
731.123,1510.23,115,187.233,
738.46,1811.99,115,189.118,
485.091,2397.31,115,124.016,
751.398,1543.36,115,192.443,
741.342,1799.23,115,189.859,
724.655,3873.99,115,185.571,
499.397,947.616,162.516,106.961,
742.609,1718.22,115,190.184,
735.319,2322.12,115,188.311,
746.646,1580.05,115,191.222,
748.579,1993.25,115,191.718,
478.439,2939.34,115,122.307,
742.022,1556.25,115,190.033,
725.277,1019.26,132.198,164.406,
718.447,1387.98,115,183.976,
708.997,1782.96,115,181.548,
741.41,1407.58,115,189.876,
727.976,3938.63,115,186.424,
731.429,2744.84,115,187.312,
681.319,1272.44,115,174.436,
467.896,3085.22,115,119.598,
690.796,1183.51,115,176.871,
247.806,2921.96,185.39,115,
358.552,2473.62,134.17,115,
443.995,2260.07,115,115,
770.035,929.197,137.633,160.977,
349.098,2111.09,138.542,115,
732.072,2072.18,115,187.477,
730.409,2879.05,115,187.049,
256.472,2864.51,181.382,115,
646.734,788.561,171.375,118.306,
520.962,1021.85,145.315,118.71,
538.014,995.818,149.297,119.922,
523.688,1011.57,147.215,118.316,
696.17,1478.12,115,178.252,
612.555,969.299,147.868,133.223,
368.281,2511.8,129.67,115,
690.502,1302.04,115,176.796,
470.618,2207.5,115,120.298,
739.344,1419.49,115,189.345,
738.798,1690.32,115,189.205,
273.706,2844.55,173.411,115,
279.978,1082.64,184.972,107.741,
408.645,2108.84,115,115,
481.843,2349.59,115,123.182,
501.209,2546.92,115,128.158,
723.026,1172.15,115,185.152,
749.433,1592.3,115,191.938,
393.508,2566.8,118.003,115,
422.438,2092.23,115,115,
2149.42,1491.84,115,300,
727.271,3913.29,115,186.243,
329.925,2157.47,147.409,115,
562.705,2176.06,115,143.959,
505.605,2688.3,115,129.287,
743.686,1650.66,115,190.461,
735.775,1725.49,115,188.428,
522.45,2623.6,115,133.616,
511.254,2627.27,115,130.739,
453.2,2081.46,115,115.822,
295.66,1932.29,163.257,115,
433.881,2210.48,115,115,
451.68,2080.65,115,115.432,
706.341,800.486,159.943,130.43,
578.986,2418.16,115,148.142,
654.25,1030.23,135.351,149.812,
383.899,2518.72,122.447,115,
718.94,2647.85,115,184.103,
705.409,1523.54,115,180.626,
749.559,2153.49,115,191.97,
731.611,3216.03,115,187.358,
744.597,2446.87,115,190.695,
690.538,1294.1,115,176.805,
331.001,2202.74,146.912,115,
732.579,1602.25,115,187.607,
391.759,2069.22,118.812,115,
683.79,1297.87,115,175.071,
510.21,2615.39,115,130.471,
675.987,1384.85,115,173.066,
333.417,2228.04,145.795,115,
717.09,816.902,156.298,134.606,
504.03,1009.95,148.937,113.775,
730.03,1504.21,115,186.952,
737.26,1901.86,115,188.81,
527.946,986.57,151.924,116.794,
522.359,2615.48,115,133.592,
439.861,1601.98,115,115,
680.89,1314.43,115,174.326,
725.314,1152.59,116.995,183.266,
356.487,1964.8,135.125,115,
651.721,776.279,172.304,117.671,
652.711,1081.45,127.975,155.903,
313.737,1662.32,154.897,115,
483.855,1815.02,115,123.699,
731.689,1511.98,115,187.378,
347.842,1904.71,139.123,115,
714.551,3605.1,115,182.975,
495.594,965.075,159.155,107.766,
468.768,2921.48,115,119.822,
479.568,2620.09,115,122.597,
435.07,2834.76,115,115,
351.566,1937.91,137.401,115,
517.087,2742.41,115,132.238,
434.526,2455.91,115,115,
675.115,1163.93,115.832,172.044,
421.712,2828.1,115,115,
521.181,2010.51,115,133.29,
333.896,1843.66,145.573,115,
720.463,1659.37,115,184.494,
740.117,2703.93,115,189.544,
478.171,1065.45,138.408,112.928,
285.948,1645.94,167.749,115,
453.737,2069.77,115,115.96,
577.597,2196.42,115,147.785,
734.412,1559.14,115,188.078,
476.064,2324.91,115,121.697,
305.114,1695.37,158.885,115,
746.259,2106.54,115,191.122,
698.523,1543.34,115,178.857,
354.158,1889.54,136.202,115,
735.814,2351.08,115,188.438,
499.895,2372.79,115,127.82,
740.126,1718.81,115,189.546,
440.832,1502.2,115,115,
476.057,2329.55,115,121.695,
740.738,3733.77,115,189.704,
646.735,1041.98,134.073,149.566,
385.912,2628.21,121.516,115,
363.518,2498.43,131.873,115,
721.555,2527.89,115,184.774,
741.269,1407.58,115,189.84,
490.927,2342.12,115,125.516,
754.938,1433.68,115,193.352,
350.288,2383.56,137.992,115,
676.506,1016.8,135.786,153.117,
353.51,2380.19,136.502,115,
341.344,1895.07,142.129,115,
718.713,2693.28,115,184.044,
724.528,3904.22,115,185.538,
396.559,2322.26,116.592,115,
741.876,1518.16,115,189.996,
521.691,1027.65,144.087,119.441,
728.059,2281.37,115,186.446,
529.536,2602.33,115,135.436,
403.335,2092.64,115,115,
728.654,3704.67,115,186.599,
715.277,2611.93,115,183.161,
711.077,1666.58,115,182.082,
396.337,3417.45,116.694,115,
489.55,2493.55,115,125.162,
524.227,1933.55,115,134.072,
446.569,2806.61,115,115,
494.153,2359.06,115,126.345,
442.998,2795.12,115,115,
1521.86,1814.61,115,300,
741.086,1983.24,115,189.793,
463.042,1706.33,115,118.351,
604.297,956.026,150.808,129.929,
467.857,2867.34,115,119.588,
743.03,2010.55,115,190.293,
734.496,2886.22,115,188.1,
354.158,1876.2,136.202,115,
759.955,937.589,137.885,160.138,
738.104,2958.09,115,189.027,
738.889,2563.32,115,189.228,
416.403,2398.06,115,115,
737.41,2185.28,115,188.848,
587.19,1866.17,115,150.25,
738.336,1852.86,115,189.086,
331.388,2011.19,146.733,115,
729.905,1575.23,115,186.92,
352.423,1951.84,137.005,115,
507.185,1937.23,115,129.693,
738.045,3867.87,115,189.012,
741.893,1424.63,115,190,
498.967,1025.07,146.072,114.05,
724.092,1047.62,129.039,168.129,
563.63,943.252,157.005,119.972,
553.635,1882.6,115,141.628,
749.265,1607.15,115,191.894,
737.276,2584.21,115,188.814,
441.961,2958.51,115,115,
739.364,1597.76,115,189.35,
317.499,1762.22,153.157,115,
379.985,2035.36,124.257,115,
651.593,1233.99,115,166.798,
742.317,1187.77,115,190.109,
440.022,1520.6,115,115,
746.567,1568.26,115,191.201,
675.987,1073.4,128.153,160.391,
491.39,2359.06,115,125.635,
759.21,1437.01,115,194.45,
567.798,772.165,187.571,102.644,
453.195,1668.88,115,115.821,
728.133,932.706,141.698,152.844,
742.552,1542.24,115,190.17,
705.322,810.123,158.945,131.546,
715.277,2569.36,115,183.161,
749.911,1550.97,115,192.06,
749.265,1592.04,115,191.894,
477.832,2372.35,115,122.151,
723.26,3859.17,115,185.213,
520.205,2051.19,115,133.039,
701.761,1243.24,115,179.689,
587.853,961.152,151.474,127.021,
720.331,1611.09,115,184.46,
407.366,2360.99,115,115,
531.524,1926.79,115,135.947,
660.051,1938.7,115,168.972,
746.212,1440.85,115,191.11,
300.818,1619.25,160.872,115,
513.36,2685.49,115,131.28,
490.473,2389.85,115,125.399,
709.545,804.911,158.896,131.603,
720.497,1593.66,115,184.503,
735.936,1597.22,115,188.47,
683.057,1329.94,115,174.883,
579.775,2451.62,115,148.345,
335.446,2241.03,144.856,115,
361.738,3411.28,132.696,115,
341.22,2086.07,142.186,115,
588.467,2352.33,115,150.578,
329.429,1704.99,147.639,115,
728.369,1349.99,115,186.525,
744.255,1619.48,115,190.607,
758.381,1503.44,115,194.237,
722.3,3494.01,115,184.966,
524.576,1936.75,115,134.162,
430.431,3029.16,115,115,
625.359,984.146,144.397,137.739,
720.78,1343.2,115,184.575,
520.608,998.696,150.053,116.374,
738.19,1779.59,115,189.049,
736.854,2539.71,115,188.705,
747.009,1605.16,115,191.315,
447.511,2993.32,115,115,
710.819,1635.16,115,182.016,
519.323,1002.73,149.327,116.483,
643.328,1011.54,138.826,145.023,
595.927,957.877,151.285,128.368,
757.934,1487.73,115,194.122,
453.313,2519.98,115,115.851,
738.868,2533.97,115,189.223,
682.055,1331.42,115,174.625,
544.241,1001.58,147.704,121.882,
741.524,1511.95,115,189.906,
315.781,1749.23,153.951,115,
747.617,1580.37,115,191.471,
448.522,2773.01,115,115,
717.359,3620.16,115,183.696,
742.41,1892.54,115,190.133,
751.506,1707.91,115,192.47,
719.9,1552.67,115,184.349,
481.233,1785.29,115,123.025,
305.397,1557.89,158.754,115,
393.849,2662.86,117.845,115,
313.398,1660.92,155.054,115,
528.998,2542.43,115,135.298,
439.094,1485.59,115,115,
503.192,2570.42,115,128.667,
533.787,1907.73,115,136.529,
459.524,2706.61,115,117.447,
693.782,2375.36,115,177.638,
406.318,3415.19,115,115,
708.646,1768.44,115,181.458,
509.87,1013.28,147.83,115.393,
753.267,1591.95,115,192.923,
676.26,975.739,141.345,147.714,
724.947,1068.91,126.566,171.33,
554.222,979.352,151.152,121.769,
866.085,1546.77,115,221.911,
458.67,1975.21,115,117.228,
696.736,1372.89,115,178.397,
511.33,1017.45,146.861,116.118,
331.328,1850.95,146.761,115,
378.994,2575.93,124.715,115,
406.133,2104.21,115,115,
732.469,2054.99,115,187.579,
750.838,1971.73,115,192.299,
685.251,1292.37,115,175.446,
493.299,2678.03,115,126.126,
740.553,1434.9,115,189.656,
519.792,2040.89,115,132.933,
661.906,1102.83,124.574,160.828,
441.018,2474.37,115,115,
492.002,2358.8,115,125.792,
752.714,1491.88,115,192.781,
650.421,1225.49,115,166.497,
305.831,1905.68,158.553,115,
422.042,2871.01,115,115,
380.869,2586.81,123.848,115,
725.808,1068.66,126.556,171.497,
577.128,949.889,154.471,123.513,
736.91,1593.6,115,188.72,
481.182,2806.64,115,123.012,
537.648,998.706,148.759,120.133,
739.052,2974.18,115,189.27,
482.33,2379.71,115,123.307,
546.014,996.921,148.467,121.795,
489.392,2378.08,115,125.122,
711.397,1472.85,115,182.164,
388.933,2628.21,120.119,115,
470.098,1732.27,115,120.164,
449.862,2077.05,115,115,
740.814,1841.54,115,189.723,
428.142,2205.35,115,115,
722.247,2445.32,115,184.952,
433.046,2907.28,115,115,
550.672,2049.09,115,140.867,
748.919,1516.1,115,191.806,
721.074,1426.86,115,184.651,
462.714,2549.94,115,118.267,
734.002,1870.78,115,187.973,
501.96,1885.61,115,128.351,
736.323,1886.55,115,188.569,
451.592,2760.95,115,115.409,
414.557,3250.8,115,115,
548.393,825.027,180.981,104.675,
475.638,2914.35,115,121.587,
308.811,1708.98,157.175,115,
490.479,993.113,153.548,109.222,
733.946,1856.05,115,187.958,
550.883,2472.85,115,140.921,
742.018,1381.77,115,190.032,
381.953,3584.65,123.347,115,
741.965,2344.81,115,190.019,
682.242,1299.76,115,174.673,
584.242,955.936,152.72,125.677,
434.642,2470.47,115,115,
501.499,2726.49,115,128.232,
553.24,2110.79,115,141.527,
730.709,1499.65,115,187.127,
459.016,2081.87,115,117.317,
408.635,2638.17,115,115,
348.874,2115.78,138.646,115,
422.51,2170.73,115,115,
559.195,2355.98,115,143.057,
510.206,924.944,166.153,107.08,
535.975,2047.97,115,137.091,
567.798,781.486,185.892,103.631,
471.048,2279.85,115,120.408,
419.169,2827.59,115,115,
691.944,1431.34,115,177.166,
742.938,1567.55,115,190.269,
1029.65,1876.2,115,263.939,
732.257,2857.91,115,187.524,
626.328,984.414,144.276,137.981,
737.89,2625.97,115,188.972,
740.658,1515.65,115,189.683,
557.76,2362.16,115,142.688,
530.439,989.137,151.211,117.593,
418.647,2938.63,115,115,
721.247,3845.72,115,184.695,
526.518,872.468,174.863,105.282,
380.66,3573.49,123.945,115,
336.266,2212.37,144.477,115,
676.89,1079.97,127.225,161.465,
510.002,2630.74,115,130.417,
452.645,1610.24,115,115.68,
735.018,4012.3,115,188.234,
700.458,1595.38,115,179.354,
350.198,2406.02,138.033,115,
742.848,2234.89,115,190.246,
738.848,3830.49,115,189.218,
418.492,2804.29,115,115,
711.761,1636.49,115,182.258,
731.094,3050.66,115,187.226,
738.578,1470.63,115,189.149,
746.954,1792.86,115,191.301,
437.906,2227.9,115,115,
536.604,984.944,151.54,118.518,
739.862,1881.08,115,189.478,
739.211,1768.71,115,189.311,
728.367,1307.66,115,186.525,
647.174,1199.1,115,165.663,
440.444,3003.22,115,115,
327.534,2231.63,148.516,115,
338.577,2310.84,143.408,115,
458.128,2867.03,115,117.089,
702.336,1810.31,115,179.836,
724.488,1241,115,185.528,
346.443,2383.08,139.77,115,
708.52,1774.62,115,181.425,
550.107,802.101,185.037,102.643,
492.006,2378.11,115,125.793,
699.361,1318.94,115,179.072,
621.843,984.551,144.622,137.022,
491.775,2493.55,115,125.734,
521.982,2022.33,115,133.495,
430.129,2438.47,115,115,
430.938,2897.73,115,115,
708.631,2711.21,115,181.454,
397.498,2114.17,116.157,115,
735.507,889.922,145.558,148.293,
365.877,2009.57,130.782,115,
450.526,2219.57,115,115.135,
458.48,2250.02,115,117.179,
378.674,3492.48,124.863,115,
339.414,2077.27,143.021,115,
751.57,1540.02,115,192.487,
741.396,2359.54,115,189.872,
692.5,1303.25,115,177.309,
411.257,2138.91,115,115,
740.498,3748.26,115,189.642,
447.83,1474.69,115,115,
641.282,1068.28,130.414,151.556,
742.368,2167.62,115,190.122,
336.481,2290.75,144.378,115,
518.787,2793.94,115,132.674,
251.094,2899.31,183.869,115,
728.976,3122.09,115,186.681,
736.134,1772.22,115,188.52,
711.647,1702.74,115,182.229,
338.811,2296.01,143.3,115,
514.459,2024.47,115,131.562,
326.741,2010.58,148.882,115,
577.965,2163.4,115,147.88,
746.347,1904.19,115,191.145,
453.195,1656.94,115,115.821,
498.832,1037.57,143.409,115.182,
521.356,1951.31,115,133.335,
426.395,2889.22,115,115,
740.502,1465.77,115,189.643,
736.513,1363.25,115,188.618,
476.089,2288.5,115,121.703,
301.164,1012.93,188.62,101.976,
632.615,984.146,143.801,139.317,
559.407,2596.89,115,143.112,
684.323,1322.96,115,175.208,
681.886,1938.58,115,174.582,
747.493,2566.51,115,191.439,
1687.87,1513.71,115,300,
519.276,2061.08,115,132.8,
749.253,1607.17,115,191.891,
512.964,994.803,151.438,114.316,
457.476,2520.22,115,116.921,
338.517,1863.79,143.436,115,
435.203,2760.94,115,115,
1043.83,1780.51,115,267.581,
407.642,3400.02,115,115,
413.207,3403.13,115,115,
468.995,1088.7,133.547,112.794,
432.039,2921.83,115,115,
336.037,2132.97,144.583,115,
709.488,1761.38,115,181.674,
743.063,1382.75,115,190.301,
690.974,3468.75,115,176.917,
451.682,2287.22,115,115.432,
741.004,1651.64,115,189.772,
752.22,1438.73,115,192.654,
511.935,1927.89,115,130.914,
556.918,2150.05,115,142.472,
478.123,2604.73,115,122.226,
432.853,2723.43,115,115,
550.325,998.868,147.766,122.946,
710.445,1732.12,115,181.92,
530.959,2076.65,115,135.802,
722.318,3051.43,115,184.971,
701.078,1829.38,115,179.513,
581.981,959.569,152.295,125.599,
422.018,2914.7,115,115,
428.105,2430.66,115,115,
485.305,2691.64,115,124.071,
307.225,1618.06,157.908,115,
447.707,1976.66,115,115,
495.57,2519.53,115,126.709,
675.746,1650.34,115,173.004,
692.567,1228.76,115,177.326,
733.09,3143.81,115,187.738,
731.807,1525.5,115,187.409,
437.151,1518.02,115,115,
736.201,2367.28,115,188.538,
750.805,1905.25,115,192.29,
714.539,2611.93,115,182.972,
735.642,1903.12,115,188.394,
735.148,2351.08,115,188.267,
558.513,968.874,152.744,121.595,
386.227,2287.96,121.37,115,
452.375,2813.32,115,115.61,
741.115,1548.23,115,189.8,
755.787,1536.87,115,193.57,
342.146,2092.67,141.758,115,
737.304,3090.96,115,188.821,
569.019,2128.84,115,145.581,
746.851,1405.25,115,191.274,
728.846,3999.9,115,186.648,
410.697,2768.71,115,115,
529.996,1924.45,115,135.554,
779.696,1467.52,115,199.714,
513.271,919.411,166.959,107.18,
524.755,2020.51,115,134.208,
344.891,1868.16,140.488,115,
701.318,808.673,159.757,130.628,
578.648,974.073,150.029,126.478,
723.026,1201.48,115,185.152,
643.729,800.191,170.165,119.192,
725.667,3257.26,115,185.831,
431.543,2446.99,115,115,
709.029,2734.73,115,181.556,
427.578,2695,115,115,
750.67,1527.31,115,192.256,
742.461,1819.14,115,190.146,
601.294,958.188,150.729,129.541,
705.887,2706.78,115,180.749,
738.612,2668.5,115,189.157,
738.768,1919.22,115,189.197,
435.718,1507.08,115,115,
741.526,1819.14,115,189.906,
732.05,1506.21,115,187.471,
735.598,1521.32,115,188.383,
522.136,2020.51,115,133.535,
650.823,2029.09,115,166.6,
508.703,919.411,167.465,106.249,
683.573,1096.53,124.763,165.249,
737.472,1846.24,115,188.864,
251.909,2885.77,183.492,115,
694.545,1431.73,115,177.834,
414.34,2647.95,115,115,
482.262,2647.1,115,123.29,
744.004,1415.52,115,190.543,
710.264,1737.44,115,181.873,
342.146,2105.64,141.758,115,
320.187,1792.86,151.913,115,
481.194,2379.71,115,123.015,
487.151,2425.64,115,124.546,
693.374,1166.86,115.405,177.109,
743.078,2119.22,115,190.305,
741.001,1691.91,115,189.771,
724.742,999.427,134.488,161.497,
577.584,949.417,154.51,123.558,
734.496,2515.48,115,188.1,
643.328,998.415,140.788,143.405,
724.806,2378.63,115,185.61,
729.4,3679.64,115,186.79,
730.611,1590.19,115,187.101,
489.616,2648.99,115,125.179,
506.365,1022.52,146.132,115.483,
673.454,1301.12,115,172.415,
403.729,2723.75,115,115,
300.818,1656.45,160.872,115,
747.268,1731.24,115,191.381,
741.665,1382.75,115,189.942,
431.979,2192.96,115,115,
486.06,2438.17,115,124.265,
405.747,2592.29,115,115,
741.722,2658.43,115,189.956,
724.736,3936.81,115,185.592,
463.271,1687.47,115,118.41,
395.159,3423.3,117.239,115,
445.165,2771.63,115,115,
449.11,1982.28,115,115,
735.066,2709.17,115,188.246,
692.308,1342.7,115,177.26,
737.505,3797.85,115,188.873,
373.932,2550.56,127.057,115,
737.043,2906.5,115,188.754,
722.317,1577.66,115,184.97,
454.27,2048.35,115,116.097,
559.072,2596.89,115,143.025,
465.81,1687.47,115,119.062,
708.397,1632.01,115,181.394,
500.325,1020.54,146.948,113.936,
684.355,1107.38,123.303,166.879,
761.791,1401.26,115,195.113,
742.05,1426.82,115,190.041,
429.575,2723.43,115,115,
411.889,2110.16,115,115,
737.014,2305.35,115,188.747,
728.23,3723.62,115,186.49,
489.51,2976.51,115,125.152,
703.501,1691.58,115,180.136,
323.86,1997.63,150.215,115,
672.317,980.026,141.098,147.418,
517.982,1985.29,115,132.467,
710.325,1574.59,115,181.889,
691.201,1385.71,115,176.975,
721.962,2617.74,115,184.879,
451.677,2088.8,115,115.431,
689.584,1686.67,115,176.56,
514.55,2697.31,115,131.586,
505.457,2594.16,115,129.249,
460.789,1699.23,115,117.772,
471.166,2230.18,115,120.439,
433.524,2864.66,115,115,
450.6,1971.12,115,115.154,
587.081,1853.85,115,150.222,
752.322,1665.51,115,192.68,
738.128,1524.49,115,189.033,
355.155,2160.43,135.741,115,
414.94,3237.42,115,115,
370.1,1003.34,165.208,101.186,
367.128,2445.81,130.203,115,
728.781,1876.36,115,186.631,
367.72,1993.91,129.93,115,
735.598,1516.86,115,188.383,
430.49,2895.75,115,115,
737.155,2533.97,115,188.783,
459.813,2156.84,115,117.521,
636.613,995.736,141.706,141.598,
462.251,1699.23,115,118.148,
505.779,1926.25,115,129.332,
726.455,1850.33,115,186.033,
753.152,1530.8,115,192.893,
476.323,2929.36,115,121.764,
515.407,2658.06,115,131.806,
532.002,2007.16,115,136.07,
739.449,3779.22,115,189.372,
733.543,3067.39,115,187.855,
742.91,2210.15,115,190.261,
544.85,978.492,152.108,119.652,
742.475,1580.14,115,190.15,
541.354,1000.98,148.035,121.182,
279.978,1129.73,177.186,111.649,
402.733,2105.87,115,115,
348.286,2334.85,138.918,115,
477.042,2350.37,115,121.948,
489.616,2661.51,115,125.179,
721.074,1382.35,115,184.651,
397.09,2316.38,116.346,115,
449.779,2498.18,115,115,
741.325,1484,115,189.854,
421.585,2400.66,115,115,
579.415,2433.71,115,148.252,
733.763,1987,115,187.911,
656.315,775.769,171.581,118.406,
706.46,1744.94,115,180.896,
740.126,1704.53,115,189.546,
741.051,1400.94,115,189.784,
642.82,1979.54,115,164.544,
742.22,1517.13,115,190.084,
472.264,2256.95,115,120.721,
323.071,2144.42,150.58,115,
519.281,1951.31,115,132.801,
433.945,2459.06,115,115,
430.259,2164.17,115,115,
479.45,2967.54,115,122.567,
725.318,2360.07,115,185.741,
682.242,1288.62,115,174.673,
712.889,1724.93,115,182.548,
577.245,2274.86,115,147.695,
521.157,2765.41,115,133.283,
531.402,994.003,150.167,118.288,
662.543,1143.85,118.725,166.248,
377.926,2007.08,125.209,115,
748.856,880.924,144.828,149.631,
438.707,3013.69,115,115,
656.829,1133.25,120.327,163.462,
467.395,2895.37,115,119.47,
386.747,2518.72,121.13,115,
575.937,946.707,155.155,122.917,
705.409,1461.71,115,180.626,
742.359,1597.19,115,190.12,
739.742,2511.85,115,189.448,
393.27,2543.46,118.113,115,
719.845,3830.9,115,184.335,
357.394,3667.49,134.705,115,
741.815,1922.12,115,189.98,
739.339,1003.33,132.967,165.279,
482.372,2632.24,115,123.318,
429.758,2196.53,115,115,
528.51,1007.51,147.689,118.991,
719.256,1596.52,115,184.184,
732.05,1511.91,115,187.471,
1522.4,1814.61,115,300,
707.444,1636.52,115,181.149,
1319.89,1780.32,115,300,
415.515,3262.86,115,115,
309.074,1578.82,157.053,115,
533.225,1913.49,115,136.384,
656.445,1072.48,129.124,155.655,
335.731,1803.19,144.724,115,
747.692,1756.32,115,191.49,
735.193,1573.6,115,188.279,
746.557,1600.82,115,191.199,
643.206,1992.2,115,164.643,
525.262,908.133,167.892,108.521,
744.134,1330.85,115,190.576,
316.627,2808.56,153.56,115,
758.112,1859.11,115,194.168,
473.768,2290.58,115,121.107,
741.801,1672.2,115,189.977,
625.048,992.332,143.134,138.648,
412.476,2119.81,115,115,
646.949,1018.91,137.479,146.748,
636.984,1020.28,137.938,144.674,
522.509,2014.18,115,133.631,
712.329,1709.31,115,182.404,
370.822,2449.97,128.495,115,
759.157,1417.86,115,194.436,
459.582,2708.82,115,117.462,
428.91,2885.3,115,115,
738.479,2706.49,115,189.123,
764.957,1428.83,115,195.927,
347.032,1924.99,139.498,115,
719.947,1644.26,115,184.361,
728.73,1874.68,115,186.618,
733.69,2460.48,115,187.893,
263.075,2950.36,178.328,115,
738.173,1903.28,115,189.044,
569.471,2170.6,115,145.697,
485.479,2333.98,115,124.116,
333.276,2265.12,145.86,115,
694.834,2656,115,177.909,
492.477,2684.74,115,125.914,
646.436,1128.21,121.25,160.243,
357.319,2406.05,134.74,115,
700.027,2694.53,115,179.243,
737.517,1579.32,115,188.876,
728.439,1974.19,115,186.543,
586.27,1553.15,115,150.014,
356.395,3479.84,135.167,115,
739.079,3642.91,115,189.277,
439.005,2235.38,115,115,
521.691,1015.46,146.566,118.25,
749.253,1522.22,115,191.892,
530.408,2409.47,115,135.66,
357.447,3472.43,134.681,115,
742.848,1686.79,115,190.246,
685.31,1336.49,115,175.461,
382.297,2047.08,123.188,115,
405.747,2604.74,115,115,
429.773,2706.49,115,115,
731.958,2320.89,115,187.447,
705.322,795.509,160.709,129.578,
577.585,2200.47,115,147.782,
748.22,1683.83,115,191.626,
459.389,2125.79,115,117.413,
517.982,1998.28,115,132.467,
769.92,899.617,140.403,156.539,
494.889,1864.24,115,126.534,
456.187,2103.4,115,116.59,
704.051,1279.69,115,180.277,
445.392,2486.89,115,115,
748.706,1592.04,115,191.751,
738.842,2516.16,115,189.216,
621.616,971.422,146.726,135.417,
466.802,2286.59,115,119.317,
501.008,2397.45,115,128.106,
326.966,2195.57,148.778,115,
554.632,966.704,153.498,120.537,
746.595,1526.24,115,191.208,
357.394,3679.44,134.705,115,
737.652,1524.89,115,188.911,
323.776,2156.58,150.253,115,
412.716,2768.71,115,115,
732.827,1505.09,115,187.671,
740.504,1783.22,115,189.643,
343.247,1891.44,141.248,115,
729.069,3702.4,115,186.705,
637.528,1002.24,140.646,142.593,
525.262,869.789,175.563,104.777,
380.179,2020.08,124.167,115,
459.221,3042.25,115,117.369,
735.279,1311.07,115,188.301,
380.412,3561.21,124.059,115,
426.129,2848.7,115,115,
453.563,2069.77,115,115.916,
745.059,1414.23,115,190.814,
724.528,3919.97,115,185.538,
747.98,1744.59,115,191.564,
753.477,1433.68,115,192.977,
501.644,1013.21,148.415,113.548,
741.964,1474.78,115,190.018,
657.129,1233.99,115,168.221,
673.041,1576.7,115,172.309,
730.94,2822.78,115,187.186,
697.833,3500.45,115,178.679,
733.753,2218.79,115,187.909,
736.805,1725.72,115,188.693,
370.326,3397.36,128.724,115,
464.606,2208.12,115,118.753,
719.601,2189.96,115,184.273,
590.487,942.943,154.367,125.546,
504.933,2372.79,115,129.115,
457.76,3027.78,115,116.994,
577.466,2259.3,115,147.752,
357.35,2402.36,134.725,115,
708.52,1689.22,115,181.425,
579.763,2240.28,115,148.342,
852.895,1532.44,115,218.522,
748.995,1934.13,115,191.825,
524.807,2780.51,115,134.221,
734.404,3268.45,115,188.076,
687.752,1401.95,115,176.089,
748.796,1683.83,115,191.774,
729.582,3968.13,115,186.837,
747.7,1442.17,115,191.492,
527.72,1000.04,149.244,118.076,
370.1,1015.65,162.535,102.201,
468.094,1107.43,129.307,114.204,
471.622,2260.04,115,120.556,
750.79,1730.92,115,192.286,
359.834,1931.7,133.577,115,
513.033,878.563,175.381,103.245,
633.333,800.191,171.856,117.333,
464.896,2573.2,115,118.827,
755.893,1545.07,115,193.598,
744.092,856.561,147.976,145.204,
742.596,1936.86,115,190.181,
445.691,2984.21,115,115,
459.033,2296.19,115,117.321,
693.054,1288.77,115,177.451,
744.47,1635.28,115,190.662,
723.259,1206.77,115,185.212,
334.339,2263.47,145.368,115,
690.257,1151.21,117.446,174.203,
424.212,2149.04,115,115,
661.036,1318.16,115,169.224,
412.716,2781.14,115,115,
442.522,2219.98,115,115,
340.099,2315.61,142.704,115,
709.944,2756.38,115,181.791,
724.267,3922.34,115,185.471,
486.314,2401.14,115,124.331,
681.016,793.684,164.952,125.018,
509.933,2624.26,115,130.4,
483.21,1816.19,115,123.533,
740.974,1791.32,115,189.764,
728.85,1975.14,115,186.649,
743.214,1524.97,115,190.34,
731.664,2837.19,115,187.372,
555.901,1878.19,115,142.211,
588.307,943.271,154.529,125.127,
374.212,2476.31,126.927,115,
749.232,1691.75,115,191.886,
402.715,2713.95,115,115,
466.045,2681.95,115,119.123,
736.013,818.652,153.169,138.303,
681.635,1301.65,115,174.517,
460.921,2168.3,115,117.806,
482.33,2390.55,115,123.307,
720.27,1800.38,115,184.444,
395.002,3445.55,117.312,115,
370.624,3503.16,128.586,115,
428.105,2418.59,115,115,
415.021,2946.71,115,115,
736.456,3075.93,115,188.603,
537.986,1458.44,115,137.608,
370.248,2538.13,128.76,115,
709.387,1712.33,115,181.648,
454.27,2080.62,115,116.097,
246.398,2921.96,186.041,115,
725.348,3505.92,115,185.749,
742.481,1518.37,115,190.151,
725.843,3456.72,115,185.876,
343.504,1884.77,141.129,115,
436.971,2913.78,115,115,
315.29,1728.61,154.179,115,
518.815,989.794,152.007,115.116,
524.749,1933.55,115,134.206,
699.031,2461.06,115,178.987,
736.813,1593.6,115,188.695,
514.019,1003.22,149.62,115.355,
662.861,1179.29,115,169.693,
696.736,1322.6,115,178.397,
509.941,2670.68,115,130.402,
727.003,3889.25,115,186.174,
331.122,2171.81,146.856,115,
734.057,1687.52,115,187.987,
755.082,1326.2,115,193.389,
730.757,4046.09,115,187.139,
748.47,1566.03,115,191.69,
495.194,2496.88,115,126.612,
450.499,2064.91,115,115.128,
728.331,1548.73,115,186.516,
328.919,2171.81,147.875,115,
548.393,818.177,182.277,103.976,
709.549,1629.51,115,181.69,
747.553,1965.81,115,191.455,
1688.09,1530.05,115,300,
408.495,3400.02,115,115,
534.581,827.411,182.614,102.369,
264.003,2864.51,177.899,115,
471.981,1756.17,115,120.648,
454.093,2061.87,115,116.052,
508.53,2736.91,115,130.039,
363.022,2009.57,132.102,115,
393.967,2648.02,117.79,115,
721.962,2576.39,115,184.879,
730.611,1575.23,115,187.101,
675.216,1347.53,115,172.868,
740.755,1967.44,115,189.708,
443.462,2952.58,115,115,
662.033,1127.43,121.071,164.012,
552.896,974.036,152.268,120.928,
336.707,2269.69,144.273,115,
729.912,1539.88,115,186.922,
369.823,2466.31,128.957,115,
720.624,1629.39,115,184.535,
471.339,2291.16,115,120.483,
437.464,1494.79,115,115,
663.422,1093.13,125.903,159.95,
313.645,2122.12,154.939,115,
330.29,2231.63,147.241,115,
368.368,1971.26,129.63,115,
452.619,2848.84,115,115.673,
476.072,2365.8,115,121.699,
469.016,1720.28,115,119.886,
736.192,1772.22,115,188.536,
301.477,1626.78,160.567,115,
733.589,3027.02,115,187.867,
724.072,1019.29,132.274,164.139,
745.301,979.14,135.056,163.098,
741.095,1505.11,115,189.795,
396.716,2684.95,116.519,115,
817.047,1528.16,115,209.311,
718.151,2958.72,115,183.9,
728.679,3748.5,115,186.605,
451.543,2026.36,115,115.397,
746.11,1900.99,115,191.084,
464.495,2196.66,115,118.724,
334.565,2034.01,145.263,115,
427.33,2901.28,115,115,
690.124,1302.05,115,176.699,
673.423,947.813,145.384,143.49,
739.838,1905.68,115,189.472,
738.173,1901.86,115,189.044,
730.644,1511.98,115,187.11,
547.003,808.984,184.235,102.787,
577.318,2275.78,115,147.714,
291.789,1935.67,165.048,115,
521.474,2010.51,115,133.365,
522.263,1034.81,142.596,120.272,
772.337,865.857,143.22,151.977,
264.276,2858.45,177.772,115,
711.388,1899.3,115,182.162,
256.412,2952.75,181.409,115,
346.434,2393.26,139.774,115,
729.334,3763.27,115,186.773,
344.516,2379.92,140.661,115,
516.637,1985.29,115,132.122,
441.388,2771.63,115,115,
590.126,934.575,155.844,124.536,
535.975,2035.25,115,137.091,
733.251,1585.4,115,187.78,
465.193,2867.34,115,118.904,
731.807,1510.23,115,187.409,
734.755,3271.1,115,188.166,
509.135,1914.9,115,130.194,
699.361,1304.63,115,179.072,
692.471,1197.44,115,177.301,
739.468,1013.75,131.841,166.804,
732.076,2744.84,115,187.478,
656.667,1986.85,115,168.102,
348.286,2348.29,138.918,115,
395.479,2679.6,117.091,115,
303.106,1605.6,159.813,115,
547.184,808.98,184.207,102.819,
401.003,2101.63,115,115,
418.641,2659.45,115,115,
335.781,2251.14,144.701,115,
469.916,2895.37,115,120.117,
739.257,1851.68,115,189.323,
461.095,2078.79,115,117.851,
542.766,1010.66,146.054,122.482,
515.406,848.928,181.123,100.881,
521.789,1011.6,147.342,117.895,
736.339,1538.27,115,188.573,
443.332,2228.61,115,115,
365.042,3694.01,131.168,115,
746.573,1744.95,115,191.203,
734.76,3282.48,115,188.168,
492.002,2370.56,115,125.792,
495.362,2690.8,115,126.655,
718.207,1656.65,115,183.914,
352.605,2145.28,136.92,115,
720.31,1429.04,115,184.455,
738.352,2514.37,115,189.09,
708.364,1484.03,115,181.385,
513.613,1949.34,115,131.345,
402.713,2331.8,115,115,
732.047,3079.68,115,187.47,
488.05,2384.07,115,124.777,
1298.58,1491.84,115,300,
1261.28,1858.78,115,300,
481.196,2421.99,115,123.016,
375.867,2007.29,126.162,115,
682.965,1300.37,115,174.859,
385.872,3540.74,121.534,115,
734.926,1926,115,188.21,
574.063,808.774,179.974,107.653,
708.794,1536.12,115,181.496,
727.252,2854.36,115,186.238,
552.27,975.172,152.108,120.912,
737.41,2228.73,115,188.848,
702.374,1356.05,115,179.846,
319.523,1961.49,152.221,115,
453.237,2001.39,115,115.832,
363.092,2443.53,132.07,115,
731.958,2294.34,115,187.447,
388.435,3479.49,120.349,115,
697.757,2600.59,115,178.66,
713.854,2570.86,115,182.796,
670.66,1415.27,115,171.697,
709.488,1739.89,115,181.674,
746.728,1764.27,115,191.242,
590.126,948.501,153.445,126.091,
471.534,1742.04,115,120.533,
335.485,2222.16,144.838,115,
737.58,2263.97,115,188.892,
741.453,1582.69,115,189.887,
406.378,2609.16,115,115,
762.355,1554.7,115,195.258,
481.843,2361.43,115,123.182,
736.764,1996.57,115,188.682,
401.24,2119.03,115,115,
470.476,2218.38,115,120.261,
398.865,2684.95,115.525,115,
708.282,1583.13,115,181.364,
711.119,1766.73,115,182.093,
729.924,1164.98,115.565,186.207,
747.649,1816.38,115,191.479,
415.115,3226.02,115,115,
733.898,1441.32,115,187.946,
727.434,1312.82,115,186.285,
747.213,1756.32,115,191.367,
574.063,805.089,180.629,107.258,
738.848,3816.04,115,189.218,
711.077,1651.47,115,182.082,
730.553,1485.48,115,187.086,
400.661,2082.1,115,115,
700.87,1392.45,115,179.46,
363.517,2016.2,131.873,115,
419.914,2806.37,115,115,
441.627,2479.01,115,115,
737.529,2712.72,115,188.879,
742.942,1744.42,115,190.27,
714.149,3803.91,115,182.872,
739.079,3867.87,115,189.277,
640.852,1020.51,137.647,145.573,
420.147,2685.17,115,115,
732.486,2782.84,115,187.583,
454.492,2078.07,115,116.154,
388.933,2639.67,120.119,115,
738.56,2597.33,115,189.144,
677.866,1342.59,115,173.549,
746.954,1773.35,115,191.301,
508.53,2749.43,115,130.039,
438.711,2260.54,115,115,
744.263,1731.99,115,190.609,
579.407,2176.3,115,148.25,
493.685,2680.08,115,126.225,
701.13,1813.98,115,179.526,
663.422,1122.07,121.803,163.667,
709.361,2741.4,115,181.641,
384.513,2497.71,122.163,115,
737.86,2843.21,115,188.964,
320.777,2109.41,151.641,115,
346.527,2334.85,139.731,115,
368.298,2001.51,129.662,115,
739.929,1711.07,115,189.496,
734.834,1273.3,115,188.187,
364.173,2435.08,131.57,115,
690.19,1301.84,115,176.716,
451.543,2064.91,115,115.397,
264.276,2844.55,177.772,115,
496.987,978.565,156.148,109.307,
731.405,1498.43,115,187.305,
739.434,2036.98,115,189.369,
728.73,1889.38,115,186.618,
443.037,2781.13,115,115,
747.577,1586.7,115,191.461,
746.487,1425.83,115,191.181,
747.655,1958.25,115,191.481,
440.444,2991.82,115,115,
475.638,2925.88,115,121.587,
386.3,2521.84,121.336,115,
311.808,1628.72,155.789,115,
567.276,811.709,180.522,106.738,
721.283,3036.28,115,184.705,
742.322,1383.59,115,190.111,
735.32,1538.27,115,188.311,
708.794,1507.63,115,181.496,
733.944,1629.22,115,187.958,
346.759,2408.45,139.624,115,
341.069,1856.51,142.256,115,
739.339,990.25,134.369,163.402,
676.977,1044.82,131.974,156.883,
743.03,2015,115,190.293,
491.567,996.658,152.696,109.784,
325.12,2152.72,149.632,115,
739.641,1833.1,115,189.422,
496.728,2415.69,115,127.006,
710.184,1548.42,115,181.853,
734.407,1549.2,115,188.077,
306.306,1571.23,158.333,115,
692.344,1322.6,115,177.269,
335.986,2278.73,144.606,115,
520.867,2029.37,115,133.209,
496.113,1059.16,138.928,116.557,
444.553,2780.06,115,115,
452.182,2066.36,115,115.561,
699.859,3390.73,115,179.2,
740.992,1828.45,115,189.769,
563.354,2213.1,115,144.126,
484.545,2389.56,115,123.876,
737.977,2542.21,115,188.994,
529.601,2015.31,115,135.453,
405.677,3293.06,115,115,
864.985,1546.77,115,221.628,
1916.97,1454.44,115,300,
711.397,1460.24,115,182.164,
382.737,2601.43,122.984,115,
726.026,1068.91,126.517,171.584,
709.78,1560.02,115,181.749,
694.79,1225.59,115,177.898,
365.804,2503.45,130.816,115,
672.99,1217.94,115,172.296,
344.769,1892.98,140.544,115,
381.522,2497.71,123.546,115,
591.354,952.436,152.649,126.79,
733.892,4050.13,115,187.944,
519.559,2730.7,115,132.873,
585.507,2345.92,115,149.818,
509.87,1030.36,144.268,117.02,
673.187,1187.37,115,172.347,
741.609,1411.42,115,189.927,
634.898,998.415,141.428,141.546,
337.562,1882.19,143.878,115,
746.487,1428.06,115,191.181,
728.976,3107.11,115,186.681,
718.739,3848.1,115,184.051,
337.07,2282,144.105,115,
489.594,2721.77,115,125.173,
255.291,2905.05,181.928,115,
360.941,3577.69,133.065,115,
744.598,1434.45,115,190.695,
412.676,3280.7,115,115,
737.357,1575.65,115,188.835,
492.312,1836.79,115,125.872,
540.704,985.087,151.177,119.424,
534.489,1006.43,147.473,120.212,
749.901,1527.27,115,192.058,
744.294,1703.45,115,190.617,
334.486,2261.02,145.3,115,
577.435,963.073,152.094,125.016,
398.845,3416.18,115.534,115,
465.022,2875.69,115,118.86,
731.689,1525.9,115,187.378,
748.245,1782.41,115,191.632,
328.206,2199.4,148.205,115,
448.391,2116.55,115,115,
728.369,1312.82,115,186.525,
314.284,1642.19,154.644,115,
513.87,1957.93,115,131.411,
361.429,2473.62,132.839,115,
738.826,1826.82,115,189.212,
750.125,1559.19,115,192.116,
696.478,1536.06,115,178.331,
733.365,2399.71,115,187.809,
521.665,2042.51,115,133.414,
597.835,793.074,178.823,110.185,
746.699,1748.22,115,191.235,
341.434,2324.29,142.087,115,
247.806,2937.05,185.39,115,
478.7,2941.87,115,122.374,
739.819,1795.39,115,189.467,
746.878,2551.77,115,191.281,
691.193,1423.77,115,176.973,
457.959,3044.19,115,117.045,
723.973,3988.08,115,185.396,
728.379,1874.68,115,186.528,
739.925,980.84,135.328,162.178,
720.664,1382.35,115,184.546,
710.945,1702.74,115,182.048,
564.82,960.72,153.681,122.078,
627.262,981.686,144.626,137.858,
552.229,978.594,151.463,121.258,
735.292,1899.89,115,188.304,
373.211,2477.72,127.39,115,
354.491,2417.13,136.048,115,
451.478,2780.55,115,115.38,
704.21,1541.97,115,180.318,
749.911,1715.31,115,192.06,
513.513,1005.19,149.249,115.433,
739.803,1488.49,115,189.463,
339.608,2325.52,142.931,115,
739.902,844.925,149.787,142.749,
459.123,2532.25,115,117.344,
414.557,3238.74,115,115,
489.634,2475.9,115,125.184,
722.3,3508.62,115,184.966,
591.609,943.743,154.117,125.87,
739.914,2501.11,115,189.492,
691.408,1274.49,115,177.028,
418.453,2677.63,115,115,
744.037,1703.45,115,190.551,
743.535,2244.75,115,190.422,
497.988,2427.44,115,127.33,
726.405,2999.14,115,186.021,
548.278,981.946,151.157,120.749,
521.772,1992.06,115,133.441,
604.209,961.152,149.964,130.499,
493.602,2360.23,115,126.203,
576.872,2246.43,115,147.599,
720.802,2527.89,115,184.581,
463.9,1472.62,115,118.572,
742.072,1821.54,115,190.046,
725.049,3884.36,115,185.672,
682.038,1288.62,115,174.621,
747.088,1948.04,115,191.335,
451.004,1598.3,115,115.258,
290.294,1672.57,165.739,115,
699.993,1467.75,115,179.234,
640.677,1971.76,115,163.993,
338.599,1843.85,143.398,115,
610.887,984.414,145.544,134.623,
717.492,3836.66,115,183.731,
749.454,1436.84,115,191.943,
485.305,2680.66,115,124.071,
699.596,1388.02,115,179.132,
742.364,2010.55,115,190.121,
744.899,1614.18,115,190.773,
596.246,956.839,151.431,128.318,
743.98,1635.28,115,190.536,
363.384,2491.96,131.935,115,
740.502,1451.04,115,189.643,
742.862,1942.2,115,190.249,
685.737,1317.34,115,175.571,
394.8,2059.35,117.405,115,
680.404,1582.03,115,174.201,
687.909,1269.33,115,176.129,
456.398,2720.22,115,116.644,
343.676,1897.96,141.05,115,
307.83,1589.85,157.629,115,
519.921,1015.46,146.687,117.853,
597.179,783.969,180.457,109.049,
710.093,1341.52,115,181.829,
480.089,2295.16,115,122.731,
606.473,785.967,178.553,110.907,
700.631,1412.31,115,179.398,
460.747,2718.67,115,117.761,
743.24,2271.01,115,190.347,
744.931,964.697,136.597,160.931,
727.685,3013.64,115,186.35,
374.878,2248.85,126.619,115,
539.872,990.209,150.247,119.763,
355.938,2452.99,135.378,115,
740.405,1028.27,130.224,169.106,
421.828,2902.35,115,115,
539.872,993.113,149.681,120.057,
559.072,2583.87,115,143.025,
738.478,1442.79,115,189.123,
394.766,3436.9,117.421,115,
390.928,2078.7,119.196,115,
738.264,2625.97,115,189.068,
423.734,2189.12,115,115,
718.545,2261.59,115,184.001,
558.844,808.774,182.393,104.904,
754.116,1847.17,115,193.141,
325.639,2107.85,149.392,115,
579.101,2431.16,115,148.172,
341.344,1882.19,142.129,115,
740.377,2550.05,115,189.611,
552.05,976.436,151.887,120.995,
416.765,2139.29,115,115,
655.293,1721.59,115,167.749,
505.962,2605.79,115,129.379,
730.709,1495.63,115,187.127,
605.067,959.832,150.103,130.53,
743.642,1309.87,115,190.45,
746.113,2089.48,115,191.085,
457.476,2532.74,115,116.921,
729.582,3954.03,115,186.837,
356.732,1972.88,135.011,115,
670.481,1163.93,115.844,170.859,
567.885,955.327,154.38,122.152,
401.905,2711.3,115,115,
522.923,2769,115,133.737,
706.252,1651.44,115,180.843,
1916.24,1454.44,115,300,
470.692,2285.03,115,120.317,
356.732,1961.11,135.011,115,
419.206,2158.76,115,115,
321.892,2128.97,151.125,115,
484.63,2680.66,115,123.898,
409.564,2099.38,115,115,
342.166,2337.79,141.748,115,
377.637,2268.4,125.343,115,
311.289,1708.98,156.029,115,
298.797,1033.76,185.839,103.696,
739.474,1435.2,115,189.379,
485.437,2355.93,115,124.105,
680.349,1321.22,115,174.187,
275.308,1080.93,187.169,107.598,
739.475,1485.64,115,189.379,
742.022,1591.83,115,190.033,
698.566,1551.1,115,178.868,
511.173,2635.27,115,130.718,
578.117,2190.71,115,147.919,
748.605,1761.06,115,191.725,
652.64,794.668,169.508,120.103,
433.123,2749.49,115,115,
735.814,2287.41,115,188.438,
723.747,1871.2,115,185.338,
685.542,1109.95,122.931,167.51,
731.65,2886.71,115,187.368,
472.904,2314.53,115,120.885,
713.251,3801.45,115,182.641,
1380.1,1444.33,115,300,
741.976,2375,115,190.022,
677.219,1266.94,115,173.383,
660.66,1061.73,130.472,155.28,
707.547,1705.28,115,181.175,
623.342,957.153,148.828,134.092,
723.743,1117.06,121.095,177.841,
357.541,2184.84,134.637,115,
460.881,2104.5,115,117.796,
519.281,1963.61,115,132.801,
747.257,895.098,143.573,151.362,
345.717,1904.1,140.106,115,
668.062,924.885,149.075,139.431,
754.271,859.92,146.234,147.634,
430.938,2885.3,115,115,
368.13,1571.26,129.74,115,
510.464,2642.38,115,130.536,
333.548,2238.16,145.734,115,
493.505,2381.55,115,126.178,
497.29,2424.34,115,127.151,
739.479,2563.25,115,189.38,
487.384,2657.23,115,124.606,
365.795,2434.32,130.82,115,
713.498,1404.91,115,182.704,
709.223,1666.31,115,181.606,
719.547,1911.81,115,184.258,
539.547,1010.66,146.281,121.765,
365.398,2024.5,131.003,115,
449.411,2230.24,115,115,
410.668,2620.66,115,115,
742.05,1411.42,115,190.041,
432.954,2855.11,115,115,
500.283,1873.63,115,127.92,
341.012,2308.87,142.282,115,
577.326,2225.48,115,147.716,
750.267,1539.81,115,192.152,
736.571,2228.73,115,188.633,
716.847,1657.02,115,183.565,
418.112,2148.8,115,115,
490.432,2673.56,115,125.389,
684.101,796.419,164.087,125.922,
710.788,1884.6,115,182.008,
747.633,2000.53,115,191.475,
852.16,1534.83,115,218.333,
474.235,2629.4,115,121.227,
375.867,2060.57,126.162,115,
359.614,2066.29,133.679,115,
738.826,1811.99,115,189.212,
387.376,2114.72,120.838,115,
514.461,990.287,152.253,114.211,
590.04,1449.14,115,150.983,
568.813,971.807,151.294,124.117,
314.284,1628.72,154.644,115,
740.344,1847.93,115,189.602,
700.782,1429.14,115,179.437,
466.28,2285.03,115,119.183,
328.069,1805.53,148.268,115,
684.625,1310.17,115,175.286,
422.581,3078.2,115,115,
742.359,1582.69,115,190.12,
459.524,2694.25,115,117.447,
728.621,3738.38,115,186.59,
337.761,2050.46,143.786,115,
351.566,1924.99,137.401,115,
747.493,2551.77,115,191.439,
709.12,1629.51,115,181.579,
590.147,1436.24,115,151.01,
356.256,1919,135.232,115,
466.464,2241.27,115,119.23,
479.568,2632.45,115,122.597,
256.472,2879.37,181.382,115,
333.029,2024.14,145.974,115,
740.389,2551.41,115,189.614,
686.225,1317.25,115,175.697,
438.707,3001.34,115,115,
746.347,1900.99,115,191.145,
743.681,1731.99,115,190.46,
521.278,2001.89,115,133.315,
559.7,981.83,150.229,123.216,
501.648,2558.55,115,128.271,
652.501,1070.41,129.596,154.464,
351.378,2128.74,137.488,115,
649.828,1174.39,115,166.345,
524.749,1946.85,115,134.206,
645.553,1177.48,115,165.246,
736.91,1597.22,115,188.72,
481.303,2299.07,115,123.043,
523.086,2568.17,115,133.779,
490.379,2467.21,115,125.375,
477.406,2609.68,115,122.042,
695.161,1463.56,115,177.993,
693.682,3463.17,115,177.613,
1261.69,1875.2,115,300,
744.137,835.178,150.195,142.151,
425.781,2173.14,115,115,
487.727,2450.01,115,124.694,
523.316,2789.72,115,133.838,
503.909,2569.29,115,128.852,
761.599,1465.28,115,195.064,
333.029,2011.19,145.974,115,
769.92,914.82,138.986,158.807,
741.081,1525.62,115,189.792,
365.877,1963.34,130.782,115,
730.918,2903.19,115,187.18,
705.886,1689.22,115,180.749,
718.814,2964.79,115,184.07,
733.939,1567.48,115,187.957,
739.759,980.84,135.342,162.142,
774.346,895.312,140.267,156.777,
690.502,1302.05,115,176.796,
527.393,1003.08,148.66,118.304,
387.108,2049.92,120.962,115,
750.529,1730.49,115,192.219,
710.294,1651.47,115,181.881,
435.688,2248.78,115,115,
734.665,918.72,142.534,152.208,
471.269,1069.75,137.754,111.684,
421.622,3130.83,115,115,
444.573,2481.65,115,115,
731.938,1653.47,115,187.442,
587.822,2431.78,115,150.413,
489.785,2325,115,125.223,
647.807,1042.32,133.962,149.855,
738.503,1530.24,115,189.129,
334.851,2050.46,145.131,115,
682.561,1300.15,115,174.755,
742.438,1187.77,115,190.14,
719.601,2261.59,115,184.273,
634.743,770.746,176.079,114.056,
477.074,1775.23,115,121.957,
734.407,1567.48,115,188.077,
405.877,2343,115,115,
730.945,1638.61,115,187.187,
736.219,4027.29,115,188.542,
542.54,817.566,183.3,102.845,
735.862,1698.52,115,188.451,
729.584,3135.42,115,186.838,
518.077,2719.04,115,132.492,
601.294,973.061,148.236,131.239,
694.396,2389.42,115,177.796,
737.77,1610.72,115,188.941,
519.948,2657.04,115,132.973,
431.515,2753.91,115,115,
732.04,1503.79,115,187.469,
2083.82,1473.59,115,300,
473.385,2566.69,115,121.009,
748.065,1622.47,115,191.586,
740.405,2028.58,115,189.618,
715.902,3628.51,115,183.322,
489.858,1053.16,140.543,114.55,
734.752,2404.54,115,188.166,
720.52,1579.49,115,184.509,
683.53,1343.96,115,175.004,
469.916,2906.85,115,120.117,
363.006,2202.13,132.11,115,
444.241,2491.09,115,115,
721.892,3863.33,115,184.861,
724.431,2360.07,115,185.513,
347.991,2371.12,139.054,115,
393.715,2090.42,117.907,115,
731.572,1531.32,115,187.348,
727.113,958.645,138.895,156.278,
686.982,1121.68,121.353,169.428,
744.597,1816.45,115,190.695,
738.867,3666.42,115,189.223,
691.755,1286.87,115,177.118,
523.615,2034.33,115,133.915,
742.676,1529.67,115,190.201,
394.766,3449.11,117.421,115,
570.657,2141.73,115,146.002,
481.587,2604.73,115,123.116,
727.578,3863.59,115,186.322,
732.047,3154.1,115,187.47,
483.727,2318.86,115,123.666,
448.637,2979.67,115,115,
316.443,1780.26,153.645,115,
523.303,2801.56,115,133.835,
489.002,2996.12,115,125.021,
748.958,1973.33,115,191.816,
737.682,2009.1,115,188.918,
451.798,2755.22,115,115.462,
631.904,995.281,142.14,140.507,
738.737,2504.5,115,189.189,
680.101,1318.63,115,174.123,
410.427,2765.9,115,115,
711.691,1685.24,115,182.24,
415.363,2126.67,115,115,
740.374,1897.07,115,189.61,
691.041,1318.84,115,176.934,
687.909,1327.55,115,176.129,
739.467,1837,115,189.377,
728.269,3820.36,115,186.5,
707.997,2711.21,115,181.291,
748.82,1735.47,115,191.78,
556.618,967.529,153.165,121.048,
488.377,1046.51,142.073,113.602,
606.056,954.813,150.842,130.162,
494.453,2517.32,115,126.422,
542.766,995.738,148.946,120.959,
532.002,1994.43,115,136.07,
747.531,1934.61,115,191.449,
734.525,2546.32,115,188.107,
455.087,1614.35,115,116.307,
601.313,950.82,151.962,128.704,
507.52,1030.36,144.413,116.486,
733.944,1585.4,115,187.958,
443.779,2279.8,115,115,
355.923,2159.35,135.385,115,
747.797,1517.77,115,191.517,
680.404,1519.24,115,174.201,
734.861,2592.71,115,188.194,
456.105,3030.73,115,116.569,
743.824,1438.5,115,190.497,
673.726,1001.73,138.027,150.537,
459.614,2249.93,115,117.47,
747.347,1744.95,115,191.402,
752.654,1736.04,115,192.765,
642.268,1029.79,136.159,147.036,
1042.25,1760.44,115,267.175,
710.058,1635.16,115,181.82,
703.39,1746.32,115,180.107,
476.072,2354.23,115,121.699,
324.307,1825.71,150.008,115,
485.866,2689.83,115,124.216,
480.814,1078.15,135.464,114.683,
452.243,2822.37,115,115.576,
474.532,2354.23,115,121.303,
730.115,1179.26,115,186.974,
371.174,2011.89,128.332,115,
453.973,2231.28,115,116.021,
743.618,1309.87,115,190.444,
729.003,1548.73,115,186.688,
746.603,1455.59,115,191.211,
719.767,1716.24,115,184.315,
719.938,1414.23,115,184.359,
659.725,1262.82,115,168.888,
333.561,2209.17,145.728,115,
742.005,1806.7,115,190.029,
739.364,1604.02,115,189.35,
371.174,2020.08,128.332,115,
741.597,2284.44,115,189.924,
361.2,1929.31,132.945,115,
362.249,3516.17,132.46,115,
707.47,1749.92,115,181.156,
470.223,2269.39,115,120.196,
747.334,1742.7,115,191.398,
422.51,2158.76,115,115,
749.938,1963.4,115,192.067,
741.6,889.922,144.805,149.497,
312.651,1614.11,155.399,115,
709.872,2930.14,115,181.773,
505.542,2581.17,115,129.271,
739.359,2240.01,115,189.349,
345.717,1891.44,140.106,115,
747.815,1063.56,126.096,175.932,
399.269,2315.91,115.338,115,
333.447,2265.32,145.781,115,
729.359,1487.23,115,186.78,
736.363,1714.14,115,188.579,
468.126,2269.24,115,119.657,
745.428,1673.69,115,190.908,
512.017,2672.87,115,130.935,
444.553,2792.12,115,115,
748.314,1667.59,115,191.65,
675.115,1217.2,115,172.842,
734.002,1856.05,115,187.973,
335.431,1524.75,144.863,115,
667.042,1375.37,115,170.768,
754.292,1530.8,115,193.186,
522.795,2777.08,115,133.704,
507.989,937.935,163.688,107.85,
731.9,1557.86,115,187.433,
485.797,1062.17,138.774,114.421,
609.355,956.621,150.232,131.068,
529.965,855.37,177.791,104.267,
547.899,2036.33,115,140.155,
442.022,1550.14,115,115,
486.052,1041.18,143.37,112.584,
723.85,3973.06,115,185.364,
740.027,2631.47,115,189.521,
364.949,2214.2,131.211,115,
350.611,2808.56,137.842,115,
341.852,2334.86,141.894,115,
731.706,2877.57,115,187.383,
699.338,1616.14,115,179.066,
743.974,2123.52,115,190.535,
335.175,1863.79,144.981,115,
693.997,3383.92,115,177.694,
580.483,2245.02,115,148.527,
743.535,2271.01,115,190.422,
734.867,1903.12,115,188.195,
740.31,1725.06,115,189.594,
517.27,2725.11,115,132.285,
730.705,1535.95,115,187.126,
746.625,1904.13,115,191.216,
437.62,1590.04,115,115,
351.323,1943.05,137.513,115,
628.073,777.031,176.281,113.648,
416.955,2138.44,115,115,
609.283,773.316,180.13,109.953,
486.544,2731.97,115,124.39,
740.382,1504,115,189.612,
740.962,1423,115,189.761,
511.805,2743.89,115,130.88,
523.303,2788.88,115,133.835,
256.403,2919.95,181.414,115,
537.73,1003.91,147.732,120.677,
282.988,1632.61,169.118,115,
530.408,2397.12,115,135.66,
461.28,2177.64,115,117.898,
617.024,953.077,150.077,132.276,
464.896,2561.12,115,118.827,
735.171,2460.48,115,188.273,
655.797,1262.82,115,167.878,
518.72,1003.13,149.291,116.388,
579.42,957.1,152.971,124.785,
744.074,1927.18,115,190.561,
461.678,2249.93,115,118,
481.207,2410.37,115,123.019,
651.721,779.174,171.888,118.028,
739.742,2516.16,115,189.448,
700.782,1467.75,115,179.437,
473.79,2597.5,115,121.113,
739.759,995.878,133.734,164.302,
335.731,1790.52,144.724,115,
307.898,1543.66,157.597,115,
426.584,2426.43,115,115,
744.701,1570.11,115,190.722,
578.648,971.606,150.468,126.208,
738.5,1673.67,115,189.129,
309.282,1558,156.957,115,
673.094,1186.11,115,172.323,
548.761,978.594,151.757,120.508,
490.703,2733.69,115,125.458,
453.06,2241.04,115,115.786,
747.347,1741.53,115,191.402,
524.807,2793.02,115,134.221,
734.444,3271,115,188.086,
568.333,2168.47,115,145.405,
512.088,2635.27,115,130.953,
394.001,2667.15,117.775,115,
338.811,2309,143.3,115,
747.009,1600.82,115,191.315,
428.142,2217.12,115,115,
634.449,1002.28,140.87,141.916,
643.961,1218.98,115,164.837,
740.04,3745.35,115,189.524,
486.984,2976.51,115,124.503,
731.22,1543.44,115,187.258,
495.631,2537.67,115,126.725,
737.456,1688.31,115,188.86,
745.923,1792.86,115,191.036,
741.668,1676.41,115,189.942,
385.128,2612.93,121.879,115,
436.614,2235.38,115,115,
445.165,2783.08,115,115,
749.224,1622.47,115,191.884,
487.741,2455.37,115,124.697,
408.261,2126.82,115,115,
753.211,1446.12,115,192.908,
675.876,1384.85,115,173.038,
657.636,1098.97,125.259,159.301,
733.666,1956.74,115,187.886,
512.978,870.803,176.981,102.498,
563.848,781.486,186.566,102.94,
417.053,2130.7,115,115,
524.755,2033.5,115,134.208,
461.905,2165.54,115,118.059,
354.491,2430.46,136.048,115,
537.92,849.093,177.906,105.153,
729.721,1697.21,115,186.873,
750.777,1559.19,115,192.283,
747.538,1564.11,115,191.451,
747.22,1421.27,115,191.369,
657.129,1277.39,115,168.221,
467.896,3072.78,115,119.598,
355.923,2171.88,135.385,115,
707.994,1386.61,115,181.29,
643.305,776.279,173.761,116.208,
740.38,3736.48,115,189.611,
350.288,2371.12,137.992,115,
693.153,1896.21,115,177.477,
725.348,3520.52,115,185.749,
477.437,1059.15,139.848,112.198,
690.873,1291.04,115,176.891,
748.995,1919.55,115,191.825,
599.69,947.513,152.675,127.987,
517.028,2729.76,115,132.222,
530.63,853.376,178.092,104.197,
625.93,973.029,146.095,136.535,
492.645,1846.88,115,125.957,
736.315,2728.08,115,188.567,
750.23,1630.24,115,192.142,
708.364,1471.48,115,181.385,
251.094,2884.21,183.869,115,
387.349,2118.3,120.851,115,
480.548,2349.59,115,122.849,
512.088,2647.17,115,130.953,
516.254,2693.25,115,132.024,
736.756,2504.74,115,188.68,
375.797,2228.29,126.194,115,
497.495,2531.4,115,127.204,
649.684,1030.23,135.634,148.775,
709.193,3592.72,115,181.598,
743.434,1438.5,115,190.396,
736.137,2491.16,115,188.521,
534.16,836.375,180.925,103.18,
493.505,2369.79,115,126.178,
720.099,817.356,155.778,135.217,
676.883,1277.54,115,173.296,
744.786,1557.18,115,190.744,
744.709,1345.33,115,190.724,
685.542,1096.53,124.699,165.725,
808.781,2077.62,115,207.187,
744.033,1642.17,115,190.55,
372.737,3497.12,127.609,115,
741.41,1423.16,115,189.876,
735.171,2427.99,115,188.273,
414.45,2373.47,115,115,
491.775,2505.43,115,125.734,
492.564,2485,115,125.937,
455.404,2294.15,115,116.388,
739.067,1037.65,129.3,170.151,
729.027,3954.03,115,186.695,
398.865,2696.48,115.525,115,
720.463,1644.26,115,184.494,
630.269,984.056,144.008,138.796,
864.945,1879.79,115,221.618,
316.627,2822.25,153.56,115,
737.456,2642.78,115,188.86,
583.779,948.892,153.998,124.802,
481.676,2950.86,115,123.139,
495.243,2427.97,115,126.625,
719.641,1537.44,115,184.283,
742.337,1532.7,115,190.114,
744.408,2085.12,115,190.646,
709.944,2741.4,115,181.791,
716.568,1511.69,115,183.493,
668.987,1128.92,120.731,165.929,
742.641,1511.46,115,190.193,
436.755,2203.29,115,115,
690.357,1340.7,115,176.758,
750.777,1533.88,115,192.283,
427.234,2184.76,115,115,
594.515,948.832,152.959,127.05,
699.2,2476.15,115,179.031,
391.307,2079.08,119.021,115,
368.226,2020.08,129.696,115,
533.717,2035.25,115,136.511,
737.357,1579.32,115,188.835,
323.962,2203.97,150.167,115,
452.482,2738.07,115,115.638,
579.775,2464.63,115,148.345,
737.441,1714.87,115,188.856,
456.994,2736.6,115,116.797,
739.884,2647.34,115,189.484,
358.014,1936.62,134.419,115,
395.002,3456.68,117.312,115,
744.47,1633.32,115,190.662,
709.702,3786.71,115,181.729,
559.16,2339.7,115,143.048,
455.783,2296.19,115,116.486,
419.024,2846.67,115,115,
492.385,1852.27,115,125.891,
749.695,1903.11,115,192.005,
720.257,2990.03,115,184.441,
4674.88,1833.89,115,300,
385.792,2283.45,121.571,115,
741.441,2187.83,115,189.884,
342.727,1897.29,141.489,115,
658.591,1076.31,128.481,156.649,
662.208,1429.32,115,169.526,
1020.33,1500.39,115,261.544,
728.51,3835.23,115,186.562,
670.542,938.046,147.005,141.63,
459.016,2070.16,115,117.317,
473.773,2643.37,115,121.108,
642.56,1149.79,118.06,161.963,
729.995,2193.95,115,186.943,
344.955,2099.48,140.458,115,
761.733,1559.56,115,195.098,
749.224,1637.55,115,191.884,
1020.71,1430.26,115,261.64,
464.137,2229.47,115,118.632,
680.921,1082.69,126.7,162.782,
724.852,2320.3,115,185.622,
371.113,1982.97,128.36,115,
808.088,2061.45,115,207.009,
315.847,2117.62,153.921,115,
421.313,2846.67,115,115,
342.446,2349.01,141.619,115,
741.325,1499.26,115,189.854,
468.57,2233.2,115,119.772,
466.015,3072.78,115,119.115,
344.1,2347.28,140.854,115,
730.876,3200.94,115,187.17,
495.975,2690.1,115,126.813,
654.25,1043.37,133.445,151.467,
522.695,2788.88,115,133.678,
657.671,1137.31,119.727,164.189,
699.263,1463.56,115,179.047,
772.067,1463.25,115,197.753,
529.592,2063.64,115,135.451,
739.701,1919.22,115,189.437,
748.796,1698.92,115,191.774,
452.482,2749.17,115,115.638,
526.339,1018.92,145.552,119.633,
755.556,1862.92,115,193.511,
677.732,788.278,166.212,123.738,
309.282,1543.66,156.957,115,
746.203,1672.29,115,191.108,
701.419,1795.76,115,179.601,
474.271,1767.15,115,121.236,
720.1,1923.74,115,184.401,
732.076,2730.56,115,187.478,
676.582,1468.86,115,173.219,
656.745,1722.16,115,168.122,
346.466,1897.41,139.76,115,
405.836,2752.96,115,115,
497.945,2549.54,115,127.319,
570.812,776.971,186.185,103.677,
489.493,2690.14,115,125.148,
485.58,2484.31,115,124.142,
700.219,1848.49,115,179.292,
395.159,3411.18,117.239,115,
612.143,965.977,148.445,132.748,
352.587,2417.13,136.928,115,
715.61,3600.22,115,183.247,
736.051,1905.01,115,188.499,
747.257,880.924,145.032,149.318,
599.474,949.658,152.335,128.185,
737.734,1765.16,115,188.932,
737.07,1686.99,115,188.761,
463.042,1694.35,115,118.351,
754.352,1585.26,115,193.202,
398.042,2094.1,115.906,115,
737.792,2079.17,115,188.946,
272.185,1129.73,180.605,111.649,
505.405,1906.74,115,129.236,
341.012,2296.57,142.282,115,
329.363,1777.81,147.669,115,
376.938,2032.85,125.666,115,
721.977,2617.74,115,184.883,
748.845,1566.09,115,191.787,
699.263,1478.77,115,179.047,
453.094,1648.35,115,115.795,
298.097,1945.65,162.13,115,
627.532,995.386,142.461,139.559,
710.876,1472.85,115,182.031,
731.513,1531.32,115,187.333,
472.632,2289.87,115,120.815,
684.875,1269.33,115,175.35,
628.149,989.881,143.273,139.034,
698.979,3380.59,115,178.974,
742.33,1476.37,115,190.113,
388.73,2283.45,120.213,115,
403.394,2092.45,115,115,
441.074,2262.33,115,115,
740.405,2036.98,115,189.618,
736.192,1786.94,115,188.536,
677.634,1385.77,115,173.489,
369.452,2212.16,129.128,115,
482.911,2433.83,115,123.456,
331.588,1777.81,146.641,115,
816.181,1537.86,115,209.088,
387.108,2059.08,120.962,115,
482.678,2406.21,115,123.396,
750.431,2140.63,115,192.194,
727.688,3992.32,115,186.351,
700.458,1536.06,115,179.354,
324.673,2149.82,149.839,115,
726.336,1593.89,115,186.003,
559.407,2609.94,115,143.112,
496.408,1021.16,147.074,113.111,
540.306,984.944,151.237,119.323,
720.645,1614.31,115,184.541,
711.388,1884.6,115,182.162,
681.648,1266.94,115,174.521,
495.25,2342.12,115,126.627,
577.795,2238.35,115,147.836,
330.29,2244.93,147.241,115,
323.571,2136.56,150.348,115,
634.077,983.696,143.749,139.58,
656.927,1304.72,115,168.169,
725.39,933.353,141.913,152.367,
533.839,2635.02,115,136.542,
725.45,3456.72,115,185.775,
751.728,1504.97,115,192.527,
505.38,2596.45,115,129.23,
321.043,1677,151.517,115,
749.328,1096.17,122.655,181.061,
410.944,2638.54,115,115,
738.495,2601.19,115,189.127,
479.99,2621.06,115,122.706,
380.66,2258.47,123.945,115,
443.779,2244.53,115,115,
545.546,988.723,150.081,120.851,
722.267,1099.05,123.21,174.94,
418.609,2950.99,115,115,
746.647,1887.54,115,191.222,
370.822,2462.41,128.495,115,
708.11,1640.46,115,181.32,
738.868,2529.63,115,189.223,
519.978,989.699,151.934,115.361,
385.366,3529.88,121.768,115,
677.431,1370.81,115,173.437,
450.963,2508.8,115,115.247,
728.923,932.706,141.615,153.007,
477.694,1783.04,115,122.116,
279.907,2844.36,170.543,115,
416.403,2385.99,115,115,
728.952,3786.95,115,186.675,
737.314,1786.94,115,188.824,
735.507,903.591,144.079,150.232,
727.732,1593.89,115,186.362,
634.805,785.732,173.804,115.862,
736.956,2036.63,115,188.732,
1522.4,1836.32,115,300,
356.899,3448.03,134.934,115,
654.934,1708.55,115,167.657,
709.934,1790.05,115,181.788,
350.628,2354.84,137.835,115,
411.889,2099.38,115,115,
676.26,989.434,139.498,149.496,
693.248,1294.21,115,177.501,
580.628,942.872,155.369,123.48,
756.296,853.607,146.582,147.1,
565.933,974.073,151.132,123.74,
676.506,1001.73,137.82,151.152,
569.98,954.895,154.259,122.549,
317.499,1728.61,153.157,115,
749.901,1525.66,115,192.058,
427.041,2427.29,115,115,
722.064,1536.72,115,184.905,
738.859,1065.99,126.257,174.183,
393.932,2079.08,117.807,115,
731.75,2782.65,115,187.394,
736.811,2085.01,115,188.695,
725.195,3514.95,115,185.71,
401.607,2327.98,115,115,
499.633,2703.32,115,127.753,
322.644,2152.72,150.777,115,
